{"accuracy": 0.7883333333333333, "precision": 0.5198883461270063, "recall": 0.5614167294649586, "f1": 0.5398550724637681, "auc": 0.7725659809410342, "confusion_matrix": [[3985, 688], [582, 745]], "feature_importance": {"PAY_0": 0.24485684044935352, "PAY_2": 0.09468986491184751, "PAY_3": 0.058771976053194674, "PAY_4": 0.05688495114898904, "LIMIT_BAL": 0.05111968975607848, "PAY_6": 0.04067054931410044, "PAY_AMT1": 0.04045288692974203, "PAY_AMT2": 0.040404944948806414, "BILL_AMT1": 0.038949483722015364, "PAY_AMT3": 0.034860171833176606, "PAY_5": 0.03453640092402265, "BILL_AMT2": 0.03251385276413614, "PAY_AMT4": 0.02951093991095293, "PAY_AMT6": 0.02873058150333898, "BILL_AMT3": 0.028082154521358035, "PAY_AMT5": 0.027330840235742546, "BILL_AMT4": 0.027027561348042132, "BILL_AMT5": 0.02618419169535295, "BILL_AMT6": 0.024872640562052132, "AGE": 0.023868454427024996, "EDUCATION": 0.007897257540719911, "MARRIAGE": 0.004423413768592513, "SEX": 0.0033603517313599844}}